{
    "perfs_self_play": {
        "time": 0.92171573,
        "allocated": 79593104,
        "gc_time": 0.022011141
    },
    "perfs_memory_analysis": {
        "time": 4.4e-7,
        "allocated": 0,
        "gc_time": 0
    },
    "perfs_learning": {
        "time": 2.233855254,
        "allocated": 196129630,
        "gc_time": 0.378004986
    },
    "self_play": {
        "samples_gen_speed": 19.193278713404663,
        "average_exploration_depth": 11.5625,
        "mcts_memory_footprint": 1760,
        "memory_size": 16,
        "memory_num_distinct_boards": 2
    },
    "memory": null,
    "learning": {
        "time_convert": 0.801661235,
        "time_loss": 0.00125256,
        "time_train": 0.404871384,
        "time_eval": 0.110042532,
        "initial_status": {
            "loss": {
                "L": 0.28708822,
                "Lp": 0.22592658,
                "Lv": 0,
                "Lreg": 0.061161626,
                "Linv": 0
            },
            "Hp": 0.87268525,
            "Hpnet": 1.098612
        },
        "losses": [
        ],
        "checkpoints": [
            {
                "batch_id": 0,
                "evaluation": {
                    "legend": "Most recent NN versus best NN so far",
                    "avgr": 0,
                    "redundancy": 0.8823529411764706,
                    "rewards": [
                        0
                    ],
                    "baseline_rewards": [
                        0
                    ],
                    "time": 0.110042532
                },
                "status_after": {
                    "loss": {
                        "L": 0.28708822,
                        "Lp": 0.22592658,
                        "Lv": 0,
                        "Lreg": 0.061161626,
                        "Linv": 0
                    },
                    "Hp": 0.87268525,
                    "Hpnet": 1.098612
                },
                "nn_replaced": true
            }
        ],
        "nn_replaced": true
    }
}